{"cameraMode":{"drawMode":0,"name":"Shaded","section":"Shading Mode"},"sceneLighting":true,"audioPlay":false,"sceneViewState":{"showFog":false,"showMaterialUpdate":false,"showSkybox":false,"showFlares":false,"showImageEffects":false,"showParticleSystems":true},"in2DMode":false,"pivot":{"x":11.443979263305664,"y":2.6122405529022219,"z":32.366600036621097},"rotation":{"x":-0.010797099210321904,"y":-0.04887969046831131,"z":0.0005287699168547988,"w":-0.9987462162971497},"size":43.63731384277344,"orthographic":false}